music, Adele 
music, Joey + Rory 
music, Draaco Aventura 
music, Justin Bieber 
music, Peer van Mladen 
music, Chris Janson 
music, One Direction 
music, Drake 
music, Carrie Underwood 
music, Ed Sheeran 
music, Taylor Swift 
music, SayWeCanFly 
music, Selena Gomez 
music, Chris Brown 
music, Nicki Minaj 
music, Fifth Harmony 
music, Thomas Rhett  
music, Eminem 
music, Beyoncé 
music, Meghan Trainor 
music, Twenty One Pilots 
music, Fetty Wap 
music, 5 Seconds Of Summer 
music, Jason Aldean 
music, Luke Bryan 
music, Blake Shelton 
music, Rihanna 
music, Elvis Presley 
music, Ariana Grande 
music, JD Shelburne 
music, Lil Wayne 
music, Demi Lovato 
music, Maroon 5 
music, Sam Hunt 
music, George Strait 
music, Wiz Khalifa 
music, Miranda Lambert 
music, DJ Khaled 
music, Porno for Pyros 
music, Katy Perry 
music, Miley Cyrus 
music, Tim McGraw 
music, The Weeknd 
music, Macklemore & Ryan Lewis 
music, Ellie Goulding 
music, Michael Jackson 
music, Rascal Flatts 
music, Britney Spears 
music, Zac Brown Band 
music, Hearty2Raw 
music, Future 
music, Lady Antebellum 
music, Adam Levine 
music, Janet Jackson 
music, Keith Urban 
music, Sam Smith 
music, Jason Derulo 
music, Tori Kelly 
music, 2Pac 
music, Ciara 
music, Old Dominion 
music, Randy Houser 
music, Eric Church 
music, Shakira 
music, Bruno Mars 
music, Little Big Town 
music, Rick Ross 
music, Toby Keith 
music, Brian Collins 
music, Sia 
music, Dixie Chicks 
music, Kanye West 
music, Shania Twain 
music, Enrique Iglesias 
music, The Band Perry 
music, Kellie Pickler 
music, Randy Owen 
music, Kelsea Ballerini 
music, Lana Del Rey 
music, Freddie Mercury 
music, Martin Garrix 
music, Brett Eldredge 
music, Trey Songz 
music, Young Thug 
music, Mariah Carey 
music, Jennifer Lopez 
music, Shawn Mendes 
music, Halsey 
music, The XX 
music, Kurt Stevens 
music, R. Kelly 
music, 50 Cent 
music, Kenny Chesney 
music, Linkin Park 
music, Akon 
music, Avenged Sevenfold 
music, John Legend 
music, Cole Swindell 
music, Justin Moore 
music, Jewel 
music, Maddie & Tae 
music, Chris Young 
music, Hunter Hayes 
music, Canaan Smith 
music, Madonna 
music, Albert Phillips 
music, Brantley Gilbert 
music, Coldplay 
music, Jay Z 
music, Lady Gaga 
music, Lil Fizz 
music, Iggy Azalea 
music, Chase Rice 
music, Danielle Bradbery 
music, Dustin Lynch 
music, Kacey Musgraves 
music, Alan Jackson 
music, Backstreet Boys 
music," Hank Williams, Jr. "
music, The Vamps 
music, Jaden Smith 
music, JoJo 
music, Kendrick Lamar 
music, Becky G 
music, Josh Turner 
music, Brad Paisley 
music, Gwen Stefani 
music, Mikel Knight 
music, Rachel Platten 
music, Reba McEntire 
music, Darius Rucker 
music, Florida Georgia Line 
music, Barbra Streisand 
music, Fall Out Boy 
music, Prince 
music, K. Michelle 
music, Little Mix 
music, BLACKBEAR 
music, Calvin Harris 
music, Jana Kramer 
music, Kenny Rogers 
music, T.I. 
music, Troye Sivan 
music, Brothers Osborne 
music, Rita Ora 
music, TLC 
music, Aaliyah 
music, Kirk Franklin 
music, Kid Rock 
music, Skrillex 
music, Ed Roman 
music, Don Williams 
music, Lonestar 
music, Nelly 
music, Willie Nelson 
music, Zonke 
music, Charli XCX 
music, X Ambassadors 
music, Jessie J 
music, Westlife 
music, Tinashe 
music, DMX 
music, Meek Mill 
music, Usher 
music, BRANDY CLARK 
music, Dolly Parton 
music, Foo Fighters 
music, Mark Wills 
music, Prince Royce 
music, Pentatonix 
music, Flo Rida 
music, Whitney Houston 
music, Avril Lavigne 
music, Pharrell Williams 
music, Dwight Yoakam 
music, Lee Brice 
music, Barbara Mandrell 
music, Black Veil Brides 
music, Jamey Johnson 
music, Jimmy Fortune 
music, YonnieMcfly 
music, Johnny Cash 
music, Nick Jonas 
music, Vince Gill 
music, Imagine Dragons 
music, Jake Owen 
music, Larry Hernandez 
music, Martina McBride 
music, Colt Ford 
music, Dierks Bentley 
music, Guns N' Roses 
music, Justin Timberlake 
music, Kelly Clarkson 
music, Metallica 
music, Scotty McCreery 
music, The Weekend 
music, Bim Skala Bim 
music, Mark Ronson 
music, Merle Haggard 
music, Bea Miller 
music, Alessia Cara 
music, A Thousand Horses 
music, Brooks & Dunn 
music, Elle King 
music, Rod Stewart 
music, The Cadillac Three 
music, Jacob Whitesides 
music, Ja Rule 
music, Lauren Alaina 
music, Marc Anthony 
music, The Game 
music, The Pussycat Dolls 
music, Tyler Farr 
music, Clare Dunn 
music, Adam Lambert 
music, Andrea Bocelli 
music, Gary Allan 
music, George Jones 
music, Joe Jonas 
music, Krystal Keith 
music, Ray Charles 
music, Red Hot Chili Peppers 
music, The Oak Ridge Boys 
music, Kevin Gates 
music, Cassadee Pope 
music, August Alsina 
music, Rich Homie Quan 
music, Air Supply 
music, Brandy 
music, OneRepublic 
music, Pitbull 
music, Robin Thicke 
music, Snoop Dogg 
music, Travis Tritt 
music, Chvrches 
music, Lorde 
music, Alison Krauss & Union Station 
music, A$AP Rocky 
music, Jeremih 
music, Panic! At the Disco 
music, Sheryl Crow 
music, Trace Adkins 
music, Tyga 
music, Ruby Rose 
music, Bone Thugs-n-Harmony 
music, David Nail 
music, Duran Duran 
music, Kip Moore 
music, Wallpaper. 
music, Dej Loaf 
music, Ashley Monroe 
music, Christina Aguilera 
music, Diana Ross 
music, Luciano Pavarotti 
music, Lucky Dube 
music, Nas 
music, Norah Jones 
music, Mason Noise 
music, Madelyn Victoria 
music, Alicia Keys 
music, Avicii 
music, Bryan Adams 
music, Faith Hill 
music, MGK 
music, Scarface 
music, Austin Mahone 
music, Disclosure 
music, James Bay 
music, Xander Demos 
music, Jony Privat 
music, Charlie Puth 
music, Amy Winehouse 
music, G-Eazy 
music, Gretchen Wilson 
music, Jhené Aiko 
music, Mumford & Sons 
music, Nickelback 
music, Sara Evans 
music, Sean Paul 
music, Spice Girls 
music, Train 
music, William Michael Morgan 
music, Alejandro Fernández 
music, Conway Twitty 
music, Dr. Dre 
music, Ice-T 
music, Jennifer Nettles 
music, June Carter Cash 
music, Kris Kristofferson 
music, Lil Boosie 
music, Lucinda Williams 
music, Marvin Gaye 
music, The Script 
music, Zedd 
music, Kyle (Rapper) 
music, Dan + Shay 
music, Aaron Lewis 
music, Amber Rose 
music, Billy Currington 
music, Cher Lloyd 
music, Kurt Cobain 
music, Paramore 
music, P!nk 
music, Salt-N-Pepa 
music, Slipknot 
music, Tarkan 
music, The Notorious B.I.G. 
music, Charlie Allen 
music, Joe Nichols 
music, John Anderson 
music, Lil' Kim 
music, Nirvana 
music, Owl City 
music, Seal 
music, The Beatles 
music, Zendaya 
music, Céline Dion 
music, Deitrick Haddon 
music, Lionel Richie 
music, Panjabi MC 
music, Randy Travis 
music, blink-182 
music, Brenda Lee 
music, Gene Watson 
music, J. Cole 
music, James Blunt 
music, Sara Bareilles 
music, Sawyer Brown 
music, Ty Dolla $ign 
music, Heidi Feek 
music, Sawyer Fredericks 
music, Alice Cooper 
music, Ashanti 
music, Diddy 
music, Florence + The Machine 
music, Genesis 
music, Hank Williams 
music, Omarion 
music, Shane Owens 
music, The Mavericks 
music, Tokio Hotel 
music, Chief Keef 
music, Jess Glynne 
music, Electric Light Orchestra 
music, Emmylou Harris 
music, Julio Iglesias 
music, LeAnn Rimes 
music, My Chemical Romance 
music, Torrent 
music, Zahara 
music, Sarah Ross 
music, Bryson Tiller 
music, Bee Gees 
music, Bow Wow 
music, Cam 
music, Crazy Frog 
music, David Allan Coe 
music, Jaheim 
music, Jake Miller 
music, Jamie Foxx 
music, Kem 
music, Lorrie Morgan 
music, Macklemore 
music, Luther Vandross 
music, Major Lazer 
music, Master P 
music, Omi 
music, Olivia Newton-John 
music, Ricky Martin 
music, Ronnie Dunn 
music, The Rolling Stones 
music, The Runaways 
music, Saint Gurmeet Ram Rahim Singh Ji Insan 
music, mako girls 
music, ABC 
music, A.R. Rahman 
music, Big Sean 
music, Big Time Rush 
music, Bob Marley 
music, Bon Jovi 
music, Clint Black 
music, Fabolous 
music, Hannah Montana 
music, Jessie James Decker 
music, Ke$ha 
music, Mario 
music, *NSync 
music, Parokya ni Edgar 
music, Rodney Carrington 
music, Toni Braxton 
music, Marianas Trench 
music, big and rich 
music, Travi$ Scott 
music, AVANT 
music, PnB Rock 
music, Daddy Yankee 
music, Eric Clapton 
music, Green Day 
music, Kumar Sanu 
music, LL Cool J 
music, Meat Loaf 
music, Scott Hoying 
music, WALK THE MOON 
music, Jon Pardi 
music, Migos 
music, Tove Lo 
music, Hozier 
music, Ola Dips 
music, 2 Chainz 
music, AC/DC 
music, All Time Low 
music, Billie Holiday 
music, Bonnie Raitt 
music, Buggles 
music, Dailey & Vincent 
music, Craig Morgan 
music, Disturbed 
music, Don Henley 
music, French Montana 
music, Gladys Knight 
music, GWAR 
music, Jason Mraz 
music, Lee Ann Womack 
music, Marty Stuart 
music, Michael Bolton 
music, Sade 
music, Sugarland 
music, The Black Keys 
music, Yolanda Adams 
music, Priyanka Chopra 
music, Echosmith 
music, Anthony Hamilton 
music, Bill Keith 
music, Calibre 50 
music, Chipmunk 
music, Collective Soul 
music, Def Leppard 
music, Ice Cube 
music, Erykah Badu 
music, Flavor Flav 
music, John Mayer 
music, Kid Ink 
music, Los Tigres del Norte 
music, Lindsay Ell 
music, Lynyrd Skynyrd 
music, Mindless Behavior 
music, Pistol Annies 
music, Rodney Atkins 
music, Shaggy 
music, T-Pain 
music, Tina Turner 
music, Tool 
music, Trisha Yearwood 
music, Waylon Jennings 
music, The Lacs 
music, The Chainsmokers 
music, HAVIC dynasty 
music, Nick Festari 
music, 99 
music, Alabama 
music, Blackberry Smoke 
music, Busta Rhymes 
music, Chris Isaak 
music, David Bowie 
music, David Cook 
music, Don Omar 
music, Hot Chelle Rae 
music, Jessica Simpson 
music, Jo Dee Messina 
music, Loretta Lynn 
music, Marilyn Manson 
music, Maxwell 
music, Montgomery Gentry 
music, Monica 
music, New Kids on the Block 
music, Pink Floyd 
music, Pierce the Veil 
music, Porter Wagoner 
music, Queen 
music, Young Jeezy 
music, Steve Perry 
music, Tanya Tucker 
music, The Spill Canvas 
music, Tom Jones 
music, Tyrese 
music, Whitesnake 
music, Will.I.Am 
music, YG 
music, Sammy Arriaga 
music, Mo Pitney 
music, Rich Gang 
music, Years & Years 
music, Jacquie Lee 
music, Rae Sremmurd 
music, Aerosmith 
music, ABBA 
music, Beastie Boys 
music, B.o.B 
music, Cee-Lo Green 
music, Chris LeDoux 
music, Clutch 
music, Creedence Clearwater Revival 
music, David Archuleta 
music, David Guetta 
music, Easton Corbin 
music, En Vogue 
music, Foreigner 
music, G-Unit 
music, Gavin DeGraw 
music, Hollywood Undead 
music, Jennifer Hudson 
music, Jerrod Niemann 
music, Lauryn Hill 
music, Lil Jon 
music, Missy Elliott 
music, Seether 
music, Steel Panther 
music, Tiësto 
music, Thompson Square 
music, Tracy Lawrence 
music, Uncle Kracker 
music, Casey James 
music, Nubetia 
music, Brandon Michael 
music, Aretha Franklin 
music, Boyz II Men 
music, Bohemia 
music, Corb Lund 
music, Cyndi Lauper 
music, Exo 
music, Foxy Brown 
music, Gorillaz 
music, Jason Michael Carroll 
music, Josh Abbott Band 
music, Keyshia Cole 
music, Laura Bell Bundy 
music, Mac Miller 
music, Ludacris 
music, Mary Chapin Carpenter 
music, Mary J. Blige 
music, Neil Diamond 
music, Paris Hilton 
music, Tesla 
music, SWV 
music, The Killers 
music, U2 
music, Vanessa Paradis 
music, Van Halen 
music, ZZ Top 
music, Eros Ramazzotti 
music, 3T 
music, Alice in Chains 
music, Asking Alexandria 
music, Billy Ray Cyrus 
music, Carly Rae Jepsen 
music, Chris Tomlin 
music, Daughtry 
music, Dire Straits 
music, Eli Young Band 
music, Evanescence 
music, Fleetwood Mac 
music, Franda Robertson 
music, Fugees 
music, Hal Ketchum 
music, J-Pimp 
music, Jodeci 
music, Johnny Gill 
music, Kelly Price 
music, Kid Cudi 
music, Larry LaRiviere 
music, LMFAO 
music, Lucy Hale 
music, Meghan Linsey 
music, Miguel 
music, Ne-Yo 
music, Pandora 
music, Skeleton Rock 
music, Tech N9ne 
music, The Beautiful South 
music, The Cult 
music, Trans-Siberian Orchestra 
music, Wale 
music, Wolfgang Petry 
music, Kristen Kelly 
music, John Newman 
music, MisterWives 
music, Raury 
music, Brooke Eden 
music, Post Malone 
music, Thirty Seconds to Mars 
music, Afrojack 
music, Babyface 
music, Cam'ron 
music, Chuck Wicks 
music, Creed 
music, Dean Brody 
music, Eagles 
music, Hanson 
music, Hank Williams III 
music, Harry Stinson 
music, Héroes del Silencio 
music, Janis Joplin 
music, Kyle Park 
music, Kathy Mattea 
music, Jimmy Buffett 
music, Joe Diffie 
music, John Michael Montgomery 
music, Jonas Brothers 
music, Julie Roberts 
music, Journey 
music, k.d. lang 
music, Kristina Train 
music, Love and Theft 
music, Michael Ray 
music, Matt Stillwell 
music, Modern Talking 
music, Negro Success 
music, Muse 
music, New Boyz 
music, Paul McCartney 
music, Patty Loveless 
music, Pearl Jam 
music, Ray Price 
music, Redfoo 
music, Reik 
music, Rhett Akins 
music, Roberto Carlos 
music, Ronnie Milsap 
music, Skylar Grey 
music, Steve Aoki 
music, Sting 
music, System of a Down 
music, The Fray 
music, The Jets 
music, Third Eye Blind 
music, Three Days Grace 
music, Tom T. Hall 
music, Will Smith 
music, Futuristic 
music, Krewella 
music, Andy Grammer 
music, RaeLynn 
music, MTV Philippines 
music, T-Ferg 
music, TheRealConfidence 
music, Damien Escobar 
music, Zara Larsson 
music, A Flock of Seagulls 
music, Ace Hood 
music, Armin van Buuren 
music, Ashley Gearing 
music, Audioslave 
music, Bill Anderson 
music, Cameo 
music, Brian McKnight 
music, Bruce Springsteen 
music, Busy Signal 
music, Charlie Robison 
music, Chris Stapleton 
music, Christopher Wayne Morris 
music, Christina Perri 
music, Corey Smith 
music, Dashboard Confessional 
music, Dean Miller 
music, Destiny's Child 
music, Dionne Warwick 
music, Elton John 
music, Enya 
music, Five Finger Death Punch 
music, Girls' Generation 
music, Gucci Mane 
music, Holly Williams 
music, James Otto 
music, John Denver 
music, Kate Ryan 
music, K-Ci & JoJo 
music, Kiss 
music, Lalah Hathaway 
music, Led Zeppelin 
music, Michael Bublé 
music, Nelly Furtado 
music, Nipsey Hussle 
music, Pusha T 
music, Rachel Potter 
music, Ray Stevens 
music, Raheem DeVaughn 
music, Rhonda Vincent 
music, Robert Plant 
music, Secondhand Serenade 
music, Siakol 
music, Shooter Jennings 
music, Shinedown 
music, Smokey Robinson 
music, Superman Is Dead 
music, Terri Clark 
music, The Grascals 
music, Yo Gotti 
music, Yanni 
music, Tamar Braxton 
music, Mike Myers 
music, RACING SONGS 
music, Mary Lambert 
music, BANKS 
music, Zack Knight 
music, Curtis Braly 
music, Lacy Cavalier 
music, Chase Bryant 
music, Karen Waldrup 
music, BigDawg Chino 
music, Bank Notes 
music, After 7 
music, Amerie 
music, Angelic Gospel Singers 
music, Banda Los Recoditos 
music, Billy Dean 
music, Black Sabbath 
music, Boys Like Girls 
music, BTS Chitlom 
music, Canvas 
music, R. City 
music,
music,
music, Connie Smith 
music, Duffy 
music, George Michael 
music, Gigi D'Agostino 
music,
music," Harry Connick, Sr. "
music, Inna 
music, The Jackson 5 
music,
music,
music, Keith Sweat 
music, Kelleigh Bannen 
music, Korn 
music, Lata Mangeshkar 
music, Lena Meyer-Landrut 
music, Lykke Li 
music, Martin Solveig 
music, MAX 
music, Molly Felder 
music, Natasha Bedingfield 
music, Nikki Lane 
music, New Edition 
music, One Way 
music, N.W.A 
music,
music, Phil Vassar 
music, Rammstein 
music, Randy Boone 
music, Richard Marx 
music, Romeo Santos 
music, Ryan Adams 
music, Silverchair 
music, Sonu Nigam 
music, Styx 
music, Suzanne Conroy 
music, Take That 
music, The Big F 
music, The Wanted 
music, Tracy Byrd 
music, Turnpike Troubadours 
music, Vicente Fernández 
music, Wham! 
music, Vybz Kartel 
music, Wisin Y Yandel 
music, Z-Ro 
music, Dev 
music, Cinderella 
music, The 1975 
music, Tom Odell 
music, Sundy Best 
music, Keith Walker 
music, Kathleen Regan 
music, Ella Henderson 
music, Silento 
music, Hailee Steinfeld 
music, a-ha 
music, Bantam 
music, Aaron Watson 
music, Ashley McBryde 
music, Azealia Banks 
music, Beenie Man 
music, Barry White 
music, Bilal 
music, Bob Seger 
music, Bobby Bare 
music, Breaking Benjamin 
music, Buckethead 
music, Bubba Sparxxx 
music, Caitlyn Smith 
music, Cher 
music, Collin Raye 
music, Cobra Starship 
music, Daft Punk 
music, Diplo 
music, E.M.S 
music, Emily West 
music, Fantasia 
music, Fergie 
music, Foxes 
music, Frankie Ballard 
music, fun. 
music, The Gibson Brothers 
music, Grandmaster Caz 
music, Hedley 
music, Himesh Reshammiya 
music, Himesh Reshammiya 
music, Hilary Duff 
music, James Morrison 
music, Jenni Rivera 
music, Joe Thomas 
music, Jessica Andrews 
music, Jessie Ware 
music, Jethro Tull 
music, Jimmy Wayne 
music, John Conlee 
music, Juicy J 
music, K-Pop 
music, Keith Whitley 
music,
music, Leona Lewis 
music, Lyle Lovett 
music, Mandy Barnett 
music, Marco Antonio Solís 
music, Mary Mary 
music, Menudo 
music, Mika 
music, Newsboys 
music, Nicole Scherzinger 
music, Pat Benatar 
music, Patrick Stump 
music, Paulina Rubio 
music, Ricky Skaggs 
music, Sammi Smith 
music, Shawn Mullins 
music, SHeDAISY 
music, Sheila on 7 
music, Shelby Lynne 
music, Simple Plan 
music, Soundgarden 
music, The Beach Boys 
music, The Canton Spirituals 
music, The Cranberries 
music, The Cure 
music, The Isley Brothers 
music, The Smashing Pumpkins 
music, The Whites 
music, Truth Be Told 
music, UB40 
music, William Fitzsimmons 
music, Alabama Shakes 
music, Charlie Simpson 
music, MET G. 
music, Haze Da Punter 
music, Jay Entendre 
music, SoMo 
music, TJ Howard 
music, George Ezra 
music, Nico & Vinz 
music, Alanis Morissette 
music, Alka Yagnik 
music, America 
music, Anita Baker 
music, Angie Stone 
music, Ashley Tisdale 
music, Bad Company 
music, AZ 
music, Big Punisher 
music, Billy Joe Royal 
music, Brett Young 
music, Bring Me the Horizon 
music, Bruck Dawit 
music, Cascada 
music, Casey Donahew Band 
music, Chely Wright 
music, Cheryl Pepsii Riley 
music, Christina Milian 
music, Colbie Caillat 
music, Craig Campbell 
music, Crystal Gayle 
music, Culture Club 
music, D12 
music, E-40 
music, Empire of the Sun 
music, Faith Evans 
music, Fat Joe 
music, Frank Ocean 
music, Gloc 9 
music, Gloria Estefan 
music, gossip 
music, Harry Connick Jr. 
music, Il Divo 
music, James Hall (Gospel)/Worship... 
music, Jennette McCurdy 
music, Jay Sean 
music, Jeff Greenleaf 
music, Jim Lauderdale 
music, Jim Reeves 
music, Jill Scott 
music, John Cena 
music, John Schneider 
music, Jon B. 
music, Johnny Rodriguez 
music, Katharine McPhee 
music, Julyo 
music, Keane 
music, Latin Spice Band 
music, Lil Romeo 
music, Mac Davis 
music, Mastodon 
music, matchbox twenty 
music, Michael Learns to Rock 
music, Mikito 
music, Mystikal 
music, Nick Carter 
music, Papa Roach 
music, Psy 
music, Robin Lee Field 
music, Rosanne Cash 
music, Shreya Ghoshal 
music, Scorpions 
music, Smokie 
music, Stevie Wonder 
music, Steve Wariner 
music, Stonewall Jackson 
music, Talk Talk 
music, The Chuck Wagon Gang 
music, The Stitches 
music, The Swon Brothers 
music, The Thompson Brothers Band 
music, Tim Dugger 
music, Tracy Chapman 
music, Too Short 
music, Trina 
music, Vicente Fernández 
music, Vern Gosdin 
music, Wet Wet Wet 
music, Waka Flocka Flame 
music, Yaz 
music, Yutaka Yokokura 
music, Bon Iver 
music, Phillip Phillips 
music, Chris Lane 
music, Branch and Dean 
music, Drake White 
music, Martin Kimble 
music, Christopher Thomas Holt 
music, TheRockTheDance 
music, Gxx 
music, Chance the Rapper 
music, Mike Ryan 
music, Vance Joy 
music, Jimmy Burrell 
music, Benjamin Booker 
music, Kygo 
music, Rawyals 
music, NDMA 
music, yasmeen williams 
music, YONDON 
music, 112 
music, 3 Doors Down 
music, 3OH!3 
music, Alexandra Moltke 
music, Amy Vachal 
music, Andrea Jürgens 
music, Angus & Julia Stone 
music, Ashlee Simpson 
music, Beres Hammond 
music, Barry Manilow 
music, Birdman 
music, Billy Gilman 
music, Bob Dylan 
music, Boney M 
music, Chima 
music, Chayanne 
music, Charlie Worsham 
music, Chet Atkins 
music, Charley Pride 
music, Chrisette Michele 
music, Chris Cagle 
music, Clay Walker 
music, Dan Seals 
music, Death Cab for Cutie 
music, Diamond Rio 
music, Diego Correa & Damaris Thillet 
music, Dido 
music, DJ Snake 
music, Dru Hill 
music, Dr. Hook 
music, Eazy-E 
music, EMA 
music, Emeli Sandé 
music, Espinoza Paz 
music, Etta James 
music, Feist 
music, Foster the People 
music, Frank Sinatra 
music, Granger Smith 
music, Grimes 
music, Hank Snow 
music, Hardwell 
music, Hit List 
music, Heavy Young Heathens 
music, Hoyt Axton 
music, Jack White 
music, India.Arie 
music, INXS 
music, Jack Black 
music, James Blake 
music, James Brown 
music, Jason Boland & The Stragglers 
music, Jeremy Camp 
music, Kylie Minogue 
music, Jimi Hendrix 
music, Jim Croce 
music, Jinu Park 
music, John Fogerty 
music, John Berry 
music, Josh Ward 
music, Juan Villasenor 
music, Julion Alvarez 
music, Kat DeLuna 
music, Kenny Lattimore 
music, Kevin Skinner 
music, Kool Moe Dee 
music, Larry Sparks 
music, Leonard Cohen 
music, Lenny Kravitz 
music, Lucero 
music, Maná 
music, Mat Kearney 
music, Melle Mel 
music, Michael W. Smith 
music, Mindy McCready 
music, Nat King Cole 
music, Noah and the Whale 
music, New Grass Revival 
music, Nicky Jam 
music, No Doubt 
music, Nina Simone 
music, Oasis 
music, Olly Murs 
music, OutKast 
music, Pantera 
music, Ray LaMontagne 
music, Popcaan 
music, Quan 
music, Radiohead 
music, Raija Regnell 
music, Red Steagall 
music, Ricky Van Shelton 
music, Rodrigo y Gabriela 
music, Ronnie James Dio 
music, Sammy Kershaw 
music, Schoolboy Q 
music, Santana 
music, Sarah Brightman 
music, Sepultura 
music, Shayne Ward 
music, Siti Nurhaliza 
music, Sleeping With Sirens 
music, St. Vincent 
music, Stray Cats 
music, Suzy Bogguss 
music, Taranda Greene 
music, Tamia 
music, t.A.T.u. 
music, Taking Back Sunday 
music, Tears for Fears 
music, Taylor Momsen 
music, Tito El Bambino 
music, Tennessee Ernie Ford 
music, The Avett Brothers 
music, The B-52's 
music, The All-American Rejects 
music, The Decemberists 
music, The Statler Brothers 
music, The Nitty Gritty Dirt Band 
music, The Pretty Reckless 
music, Three Dog Night 
music, Timbaland 
music, Tom Petty & The Heartbreakers 
music, Tony Kelly 
music, Virginia Creeper 
music, We Are The In Crowd 
music, Bill Anderson 
music, Wendy O. Williams 
music, Wilson Phillips 
music, Wynonna 
music, Zahara Music 
music, Ziggy Marley 
music, Alt-J 
music, Farruko 
music, DJ Kasualmadness 
music, HAIM 
music, A Great Big World 
music, Petey Joe Kush 
music, Pia Mia 
music, Kasey Tyndall 
music, Empire Cast 
music, Sean Gilley 
music, Held Hostage 
music, AGER 
music, Ruelle 
music, Los De La T 
music, Bryson Tiller 
music, dove night 
music, DJ OMIS 
music, Songwriter X and the Skeleton Band 
music, Alex Sturrock 
music, Andy Graham 
music, Asleep at the Wheel 
music, Bay City Rollers 
music, Blackstreet 
music, The Fat Boys 
music, Jon Bon Jovi 
music, Bobbi Kristina Brown 
music, Bobbie Gentry 
music, Carolina Chocolate Drops 
music, CeCe Winans 
music, Cerrito 
music, Chad Kroeger 
music, Charlie Daniels 
music, Cliff Richard 
music, Chris Rea 
music, Christa Behnke 
music, Christian Kane 
music, Cypress Hill 
music, Danity Kane 
music, Danny Brown 
music, David Bisbal 
music, David Gates 
music, Deana Carter 
music, Deep Purple 
music, Descendents 
music, Dima Bilan 
music, Diamond Rings 
music, DJ Mustard 
music, Donnie McClurkin 
music, DJ R. Fishbone 
music, DJ Rap 
music, Ed Bruce 
music, Dottie West 
music, Eddy Arnold 
music," Earth, Wind & Fire "
music, Engelbert Humperdinck 
music, Eric Benét 
music, Erasure 
music, Floyd Domino 
music, Freddy Fender 
music, George Dalaras 
music, Glen Campbell 
music, Gucci Crew II 
music, Great White 
music, Heart 
music, Hector 'El Father' 
music, Il Volo 
music, Intocable 
music, Izzy Stradlin 
music, Jakob Dylan 
music, Jenny Lewis 
music, Jefferson Airplane 
music, Jerry Jeff Walker 
music, Jerry Clower 
music, Jim Bravo 
music, Joe Budden 
music, Justin Townes Earle 
music, Joss Stone 
music, Julian Lennon 
music, Judith Hassine 
music, Jypsi 
music, Justin Adams 
music, Karlheinz Stockhausen 
music, Kaiser Chiefs 
music, Katzenjammer 
music, Keri Hilson 
music, Keith Richards 
music, Keith Anderson 
music, Kelly Rowland 
music, Kenny G 
music, Kevin Fowler 
music, Killer Mike 
music, Kindred the Family Soul 
music, KRS-One 
music, K.T. Oslin 
music, Los Temerarios 
music, Laura Pausini 
music, Leo Vanelli 
music, Lifehouse 
music," Lisa ""Left Eye"" Lopes "
music, Lila McCann 
music, Lloyd Green 
music, LOCASH 
music, Madcon 
music, Lyfe Jennings 
music, Malú 
music, Mel Tillis 
music, Megadeth 
music, Miranda Cosgrove 
music, Mighty Clouds of Joy 
music, Mick Jagger 
music, Michelle Branch 
music, Myrta Silva 
music, Milli Vanilli 
music, Morgan Heritage 
music, Neha Kakkar 
music, NewSong 
music, Ozzy Osbourne 
music, Passenger 
music, Pat Green 
music, Parmalee 
music, Pitch Black (Rap) 
music, Plies 
music, Radney Foster 
music, Rage Against the Machine 
music, RBD 
music, Real Money 
music, Rick Astley 
music, Ricardo Arjona 
music, Rob Thomas 
music, Roxette 
music, Roy Clark 
music, Roy Orbison 
music, Ruthie Collins 
music, Ruben Studdard 
music, Sal Da Vinci 
music, Sean Kingston 
music, The Sex Pistols 
music, Sexbomb Girls 
music, Shabba Ranks 
music, Shaun Cassidy 
music, Simply Red 
music, Snow Patrol 
music, Slim Thug 
music, Stromae 
music, Soul Asylum 
music, Steve Earle 
music, Survivor 
music, Swedish House Mafia 
music, Tevin Campbell 
music, Tank 
music, Sylvia 
music, Teena Marie 
music, The Academy Is... 
music, The Adverts 
music, The Bloody Beetroots 
music, The Corrs 
music, The Fabulous Thunderbirds 
music, The Judds 
music, The Smiths 
music, Timeflies 
music, Type O Negative 
music, Udit Narayan 
music, Vince Neil 
music, Vox IV 
music, Willie Clayton 
music, Willow Smith 
music, Wu-Tang Clan 
music, Ying Yang Twins 
music, Zakk Wylde 
music, Victoria Justice 
music, Ben Howard 
music, Hugh Bob and The Hustle 
music, Al Grant 
music, Rajendra Teredesai 
music, Sturgill Simpson 
music, Nate Ruess 
music, Galantis 
music, Kim Kardashian 
music, Onur Özsu 
music, Trappa Twan 
music, Common Kings 
music, JoePraize 
music, Problem OTC 
music, Ndia 
music, Ronny Jordan Flow 
music, Shanna Henderson 
music, NAZERETH LOVE JONES 
music, Devonte Riley 
music, Tabeta Cshae 
music, Sven Apenimon 
music," Slow Duck Saloon, Muskogee OK "
music, Elmedyn 
music, A Rocket to the Moon 
music, Aaron & Amanda Crabb 
music, 3BallMTY 
music, Ace Cannon 
music, Afrekete 
music, Adam Craig 
music, Black Eyed Peas 
music, Archie Campbell 
music, Ash Bowers 
music, Asher Roth 
music, Ashton Shepherd 
music, Avery Sunshine 
music, Atz Kilcher 
music, B2K 
music, Baby Bash 
music, Before You Exit 
music, Beacon Light Mass Choir & Bishop Darryl S. Brister 
music, Bill Medley 
music, Björk 
music, Black Property 
music, Bloc Party 
music, Brian Davis 
music, Britt Nicole 
music, Bridgit Mendler 
music, Buck McCoy 
music, Carpenters 
music, Celtic Woman 
music, Charice 
music, Jay Chou 
music, Chuck Berry 
music, Cledus T. Judd 
music, Coal Chamber 
music, Cowboy Troy 
music, Crooked X 
music, Cream 
music, Darryl Worley 
music, Daryl Hall 
music, David Ball 
music, David Phelps 
music, Dean Martin 
music, Delbert McClinton 
music, Dimitri Vegas 
music, Diana Krall 
music, Devo 
music, Dexys Midnight Runners 
music, Die Prinzen 
music, DJ Antoine 
music, Dion Pride 
music, Dogon 
music, DJ Pauly D 
music, Donna Summer 
music, DJ Screw 
music, Don Moen 
music, Drake Bell 
music, Eddie Setser 
music, Dusty Street 
music, Edmund Mooney 
music, Eladio Reyes 
music, El DeBarge 
music, Ernest Ray Lynn 
music, Falling In Reverse 
music, EXILE 
music, Everlast 
music, Faron Young 
music, Fiona Apple 
music, Flying Clouds of Detroit 
music, Foy Vance 
music, Freddie Jackson 
music, Garbage 
music, Gene Autry 
music, Geula Gill 
music, Glenn Frey 
music, Grace Potter & the Nocturnals 
music," Harvey Watkins, Jr. "
music, Halestorm 
music, Hammer 
music, Hey Monday 
music, Hillsongs Austrailia 
music, Hold Tight 
music, Hoodie Allen 
music, Huey Lewis 
music, Ian Tyson 
music, J Balvin 
music, Iyaz 
music, Jadine 
music, Israel Vibration 
music, Ithamara Koorax 
music, Jack Johnson 
music, James King 
music, Jake Bugg 
music, James Wesley 
music, Joey Luft 
music, Jerry Rivera 
music, Jimmy Capps 
music, Jimmy Page 
music, John Corbett 
music, John Prine 
music, John Mellencamp 
music, Johnny Lee 
music, Jonathan Greer/Cathedral 
music, Judy Collins 
music, K-Digga 
music, Karmin 
music, Katie Melua 
music, Katrina Elam 
music, Katy B 
music, Keke Palmer 
music, Kitty Lee 
music, Killing Joke 
music, Kill Memory Crash 
music, KT Tunstall 
music, Lawson 
music, Lira 
music, Lita Ford 
music, Limp Bizkit 
music, Liz Phair 
music, Lloyd 
music, Live 
music, Los Horóscopos de Durango 
music, Los Lonely Boys 
music, Macy Gray 
music, The Lumineers 
music, Lupe Fiasco 
music, Mack 10 
music, Marty Robbins 
music, Melody Gardot 
music, Megha Maan 
music, Mirella Cesa 
music, Mickey Gilley 
music, Monique Berry 
music, Motion City Soundtrack 
music, Neal McCoy 
music, Neon Trees 
music, New Years Day 
music, Nonpoint 
music, Passion Pit 
music, Patsy Cline 
music, Pee Wee Madison 
music, Pepe Aguilar 
music, Peter Alexander 
music, Play 
music, Pimp C 
music, Ray J 
music, Pulp 
music, Rata Blanca 
music, Rebecca Black 
music, Rehab 
music, Reid Perry 
music, R.E.M. 
music, Restless Heart 
music, Rick Danko 
music, Rev. James Cleveland 
music, Rodney Crowell 
music, Ricky Vallen 
music, Robbie Williams 
music, Roger Danes 
music, Roberto Tapia 
music, Run-D.M.C. 
music, Rose Falcon 
music, Ryan Tedder 
music, Sally Williams 
music, Sarah Darling 
music, Shenandoah 
music, Sébastien Lacombe 
music, Selena 
music, Shekinah Glory Ministry 
music, Sierra Hull 
music, Skip Ewing 
music, Simon & Garfunkel 
music, Sixx:A.M. 
music, Sizzla 
music, Sisqó 
music, Starf*cker 
music, Steve Angello 
music, Steve Holy 
music, Sugar Ray 
music, T. Graham Brown 
music, Taboo Zoo 
music, Tattooed Soul 
music, Taio Cruz 
music, Teairra Mari 
music, The Black Crowes 
music, The Calling 
music, The Stanley Brothers 
music, The Monkees 
music, The Mamas & The Papas 
music, The Pointer Sisters 
music, The Next Big Thing 
music, The Walkmen 
music, Theory of a Deadman 
music, Tierra Cali 
music, Tim Wiford 
music, Tony Bennett 
music, Trick Pony 
music, Travis Barker 
music, Vampire Weekend 
music, Viva! 
music, Vonda Shepard 
music, Wanda Jackson 
music, Will Young 
music, X JAPAN 
music, Yovie & Nuno 
music, Zooey Deschanel 
music, Zeno Tornado 
music, Alesso 
music, AM 
music, Phoenix 
music, Lil Durk 
music, MC Kash 
music, Jessta James 
music, MKTO 
music, Morgan Frazier 
music, R5 
music, Sevyn Streeter 
music, Alessi's Ark 
music, Melanie Martinez 
music, Sanek 
music, Emblem3 
music, Clean Bandit 
music, Lindsey Erin 
music, Kelvyn Colt 
music, Kree Harrison 
music, London Grammar 
music, Stephanie Quayle 
music, FKA twigs 
music, Louy Fierce 
music, Rapper Maddy aka KING MADDY 
music, Majid Jordan 
music, Chanel West Coast 
music, Rixton 
music, Rainbow Kitten Surprise 
music, GOT7 
music, Stevie Lee Woods 
music, Rockin' Raffi Arto 
music, Mickey Guyton 
music, Adjective 
music, MAGIC! 
music, Young Fresh Da Don 
music, Young_millz 
music, KAOS777 
music, Dove Cameron 
music, Payroll Giovanni 
music, The Madden Brothers 
music, Mick Jenkins 
music, Gold & The Invisible Girl 
music, Peewee Longway 
music, Tink 
music, NF 
music, Lucky Harmon 
music, Sam RUBIK 
music, Dove Cameron 
music, Filhos & Servos 
music, Alina Baraz 
music, Eric Van Houten 
music, SCREAM Soundtrack 
music, Acelya 
music, presidential productions 
music, Aaron Neville 
music, Against Me! 
music, Aldo Nova 
music, Ajda Pekkan 
music, Akcent 
music, Al Green 
music, Anandmurti Gurumaa 
music, Aly & AJ 
music, Alpha Blondy 
music, AMS 
music, Ana Gabriel 
music, Arcade Fire 
music, Archive 
music, Ben Harper 
music, Calle 13 
music, Blur 
music, BIG K.R.I.T 
music, Billy Idol 
music, Billy Joe Shaver 
music, Billy Montana 
music, Billy Ocean 
music, Black Stone Cherry 
music, Boyce Avenue 
music, Boz Scaggs 
music, Bobby Brown 
music, Boston Dance Orchestra 
music, Brand New 
music, Brandi Carlile 
music, Cami Bradley 
music, Camila 
music, Brooke Hogan 
music, Brendan McCreary 
music, Buckacre 
music, Bucky Covington 
music, Bryan White 
music, Burning Spear 
music, Candlebox 
music, Chief Broom 
music, Carl Thomas 
music, Carrie Smith 
music, Cassandra Wilson 
music, Cassie 
music, Christopher Cross 
music, Clipse 
music, Clay Aiken 
music, Club Nouveau 
music, Colton James 
music, Cold War Kids 
music, Coco Lee 
music, Connie Francis 
music, CONOR MAYNARD 
music, Courtney Marie Andrews 
music, Daley 
music, Crystal Bowersox 
music, Cumberland Gap 
music, Da Brat 
music, D'Angelo 
music, Dan Tyminski 
music, Davey Arthur & Co. 
music, Darrell Staedtler 
music, Darren Hayes 
music, Daryle Singletary 
music, Danny Lamego 
music, Dave Gahan 
music, David Kersh 
music, Deftones 
music, Deborah Barnes 
music, Dick Dale 
music, Die Antwoord 
music, Dion DiMucci 
music, DJ Muster 
music, DJ Quik 
music, Don Gay 
music, Dry Cell 
music, Dream 
music, Eddie Lee Jones And Family 
music, Eddie Murphy 
music, Eddie Vedder 
music, Dustin Bogue 
music, Dusty Rogers 
music, Duke Ellington 
music, Edens Edge 
music, Ice Kid 
music, Electronic 
music, Edward Sharpe & the Magnetic Zeros 
music, Elena Gilels 
music, Elbow 
music, Elvis Crespo 
music, Emancipator 
music, Eric Heatherly 
music, First Aid Kit 
music, Chet Faker 
music, Falguni Pathak 
music, Escape the Fate 
music, Everett Firth 
music, Extreme 
music, Europe 
music, Farewell Party Band 
music, Eyes Set to Kill 
music, Flavour 
music, Fort Minor 
music, Flipsyde 
music, Floyd Cramer 
music, Frank Zappa 
music, Gaither Vocal Band 
music, Gang Starr 
music, Gateway Worship 
music, Gary Morris 
music, Gary Barlow 
music, Genisis 
music, Ginuwine 
music, Giorgos Lempesis 
music, Gregory Isaacs 
music, Gloria Trevi 
music, Gloriana 
music, Godsmack 
music, Glasses Malone 
music, Grandpa Jones 
music, Good Charlotte 
music, Green River Ordinance 
music, Grupo Fornikator de Durango 
music, Gyptian 
music, H-Town 
music, Guy 
music, Hank Cochran 
music, Haley Reinhart 
music, Halfway to Hazard 
music, Haystak 
music, Hundred Waters 
music, Hot Hot Heat 
music, Helen Cornelius 
music, Heather Headley 
music, Helloween 
music, Hezekiah Walker 
music, Hole 
music, Highwaymen 
music, Honi Deaton 
music, Hootie & the Blowfish 
music, House of Pain 
music, Hollywood Holt 
music, Hollywood Porn Stars 
music, Jackie Evancho 
music, Imran Khan 
music, Insane Clown Posse 
music, Irv Gotti 
music, James Eubanks 
music, James Ingram 
music, James 
music, Jagged Edge 
music, Jawga Boyz 
music, Jason Isbell 
music, JB and the Moonshine Band 
music, Kyle Jennings 
music, Jim Shearer 
music, Jerry Lee Lewis 
music, Jesse Colin Young 
music, Jimi James 
music, Jimmy Dean 
music, J.F. Jenny-Clark 
music, Joan Jett 
music, Job for a Cowboy 
music, Joe LoDuca 
music, John Lennon 
music, Johnny Paycheck 
music, Johnny Rivera 
music, Johnny Rivers 
music, Jordin Sparks 
music, Jonathan Butler 
music, Joni Mitchell 
music, Justin McBride 
music, Juice Newton 
music, Joy Division 
music, Juan Gabriel 
music, Josh Groban 
music, Julian Casablancas 
music, Juliette and the Licks 
music, Justino Delgado 
music, Judas Priest 
music, Kathleen Edwards 
music, Kalpana 
music, Kajagoogoo 
music, Kala Ramnath 
music, Kassidy 
music, Keke Wyatt 
music, Keith Emerson 
music, Keak da Sneak 
music, Kevin Rudolf 
music, Kirko Bangz 
music, Killswitch Engage 
music, Kim Wilde 
music, King Harvest 
music, KMFDM 
music, Laurianne Fiorentino 
music, Lee Greenwood 
music, Lee Roy Parnell 
music, Lianne La Havas 
music, Lewis Black 
music, Linda Ronstadt 
music, Lindi Ortega 
music, Lost Boyz 
music, Lloyd Price 
music, Liza Minnelli 
music, Lloyd Bridges 
music, Little Green Men 
music, Little Texas 
music, Los Lobos 
music, Los Bukis 
music, M83 
music, Louise Mandrell 
music, Lucie Silvas 
music, Luka Van Den Driesschen 
music, Luxxe 
music, Manowar 
music, Michael Martin Murphey 
music, Michael McDonald 
music, Michael Moore 
music, Marie Osmond 
music, Maren Morris 
music, Maria Mena 
music, Marina and The Diamonds 
music, Marty Brown 
music, Mazzy Star 
music, MC Hammer 
music, Matt and Kim 
music, Maze 
music, Merle Travis 
music, Metro Station 
music, Michael Scott 
music, Of Mice & Men 
music, Of Monsters and Men 
music, Mighty Spoiler 
music, Midnight Oil 
music, Midnight Red 
music, Milano 
music, Modestep 
music, Molly Hatchet 
music, Mudvayne 
music, Nelson 
music, NEEDTOBREATHE 
music, Natas (Rap) 
music, Neil Young 
music, Nana Mouskouri 
music, Naughty Boy 
music, Naughty by Nature 
music, New Politics 
music, New Riders of the Purple Sage 
music, Next 2 The Tracks 
music, Nick Cannon 
music, Nonoy Zuniga 
music, Nine (Rap) 
music, Norman Lee Schaffer 
music, Olivia 
music, Paolo Nutini 
music, Pastor Renita Allen-Dixon 
music, Patty Griffin 
music, Paul Overstreet 
music, Pitingo 
music, Plain White T's 
music, Pepper 
music, Peter Gabriel 
music, PM Dawn 
music, Ramón Ayala 
music, Public Enemy 
music, Randy Clark 
music, Ray Wylie Hubbard 
music, Razakel 
music, R.E.L. 
music, Reuben Welch 
music, Rich the Factor 
music, Right Said Fred 
music, Riff Raff 
music, Robert Earl Keen 
music, Robyn 
music, Rochelle Macarthur 
music, Rocío Dúrcal 
music, Samuel Christian 
music, Run C & W 
music, Roy D. Mercer 
music, Ronnie McDowell 
music, Rush 
music, Sammy Hagar 
music, Saint Motel 
music, Ryan Nissley & New Hope Worship 
music, Sandi Patty 
music, Senses Fail 
music, Selah Sue 
music, Shannon Brown 
music, Shakin' Stevens 
music, Sherrié Austin 
music, Sharon Isbin 
music, Skimaswitch 
music, Slick Rick 
music, Snatches of Pink 
music, Smoke DZA 
music, Slim Whitman 
music, Squarepusher 
music, Stevie Nicks 
music, Steel Magnolia 
music, Stefan Grossman 
music, Stewart Michaels 
music, Sticky Fingaz 
music, Steven Fromholz 
music, Steve Forbert 
music, Sublime 
music, Submission 
music, Stoney LaRue 
music, Suicidal Tendencies 
music, Susan Boyle 
music, Tegan and Sara 
music, Teddy Pendergrass 
music, Taylor Hicks 
music, The Flaming Lips 
music, The Biggest Band on Earth 
music, The Affair 
music, The Amazing Rhythm Aces 
music, The Dogs 
music, The Forester Sisters 
music, The Hidden Cameras 
music, The Doobie Brothers 
music, The Doug Dillard Band 
music, The Kentucky Headhunters 
music, The Libertines 
music, The Lonely Island 
music, The McKameys 
music, The Lynns 
music, The Neighbourhood 
music, The Offspring 
music, The Postal Service 
music, The Pretenders 
music, The Rat Pack 
music, The Ready Set 
music, The Temptations 
music, The Used 
music, The Traveling Wilburys 
music, The Who 
music, Tiffany 
music, Time Jumpers 
music, Tommy Lee 
music, Tommy Tee 
music, Trapt 
music, Tony! Toni! Toné! 
music, Tuna Macaense 
music, Twista 
music," Tyler, The Creator "
music, Yo-Yo 
music, Young Money 
music, Willie Barcena 
music, Faye Wong 
music, Zac Efron 
music, Zee Avi 
music, Youssou N'Dour 
music, The Vacations 
music, Darren Espanto 
music, Nino Man 
music, B Coolin 
music, Maggie Rose 
music, Josh Thompson 
music, If Birds Could Fly 
music, Striking Matches 
music, Sebastian Mikael 
music, Robert DeLong 
music, Foxy Shazam 
music, Kick Tree 
music, Sabrina Carpenter 
music, Kat Dahlia 
music, Priory 
music, Ryosuke Miura 
music, Haerts 
music, Beacon 
music, frank edwards aka (richboy) 
music, vsopilla 
music, Kylie Morgan 
music, AminIzrael. 
music, A$AP Ferg 
music, Zion T 
music, King Lil G 
music, Milan Christopher 
music, ROSE MUHANDO 
music, Steve Keith 
music, Drew Baldridge 
music, Josh Bentley 
music, Lil Swirl 
music, The Mugshots 
music, Tommy B 
music, wizdom Phoenix 
music, Steven Drakes 
music, Deorro 
music, WheeZzy 'Tha Manic' 
music, Mike Zombie 
music, GOT7 (korea) 
music, P Tizi 
music, 1980s 
music, Fleurie 
music, Melissa Montgomery 
music, The Bros. Landreth 
music, Milan Diablow 
music, Mayden HollyWood 
music, EshcoNinco 
music, Kehlani 
music, T-Wayne 
music, Brandon V Music 
music, watch me 
music, Michael Ray 
music, Kay Lyris 
music, Montez McCamish 
music, WishTheVoice 
music, BANNERS 
music, Bloka Bloka Boyz 
music, paco doe 
music, Eclipxica 
music, Donn Robb 
music, A Fine Frenzy 
music, 702 
music, 98 Degrees 
music, Aaron Carter 
music, 2NE1 
music, 2 Pistols 
music, .38 Special 
music, 3LW 
music, Adoniran Barbosa 
music, Aboud Abdel Al 
music, Above the Law 
music, Adelle 
music, Afterhours 
music, Act As If 
music, A.K.A.'s 
music, Ake Kubota 
music, Airbourne 
music, Al B. Sure! 
music, Alejandro Sanz 
music, Alesana 
music, Alesha Dixon 
music, Al Raposo 
music, Anastácia 
music, Allen Thompson 
music, Alexz Johnson 
music, Ali Al Deek 
music, Alvin Slaughter 
music, And Then There Were Two 
music, Aloe Blacc 
music, Alter Bridge 
music, Banda El Recodo 
music, Angaleena Presley 
music, Annie Lennox 
music, Annie Tate 
music, Arabic Breakbeats 
music, Anna Ternheim 
music, Anne Murray 
music, Apache Indian 
music, Apocalyptica 
music, Arctic Monkeys 
music, Banda pequeños musical 
music, Autumn Watlington 
music, Arrested Development 
music, The Misfits 
music, Armaan Malik 
music, Ashkan 
music, Augustana 
music, Augustin Dumay 
music, Babbu Maan 
music, Babes in Toyland 
music, Hot Boys 
music, B. Howard 
music, Benny Mardones 
music, Belanova 
music, Bastille 
music, Bat for Lashes 
music, Basia Bulat 
music, Barenaked Ladies 
music, Beck 
music, Bernardino Custodio 
music, Benise 
music, Canaan's Crossing 
music, Bounty Killer 
music, Betty Wright 
music, Big Al Downing 
music, Bette Midler 
music, Bill & Gloria Gaither 
music, Big Nuz 
music, Big Red & Bus 
music, Big SMO 
music, Bo-Leg 
music, Bishop Noel Jones 
music, Billy Butler 
music," Billy ""Crash"" Craddock "
music, Billy Don Burns 
music, Black Rebel Motorcycle Club 
music, Blue Man Group 
music, Boy & Bear 
music, Blondie 
music, Bohemia The Punjabi Rapper 
music, Body Count 
music, Borgore 
music, Bobby Goldsboro 
music, Bottleneck 
music, Bottoms Up 
music, Brad Pitt 
music, Bradley Gaskin 
music, Bonnie Sheridan 
music, Boo-Yaa T.R.I.B.E. 
music, Calvin Richardson 
music, Cameron The Public 
music, Breed Society 
music, Breakfast Club 
music, Breathe Carolina 
music, Brian Joens 
music, Bright Eyes 
music, Bucks Fizz 
music, Buddy Miller 
music, Bruce Levingston 
music, Bruce Robison 
music, Bynoe 
music, Byron Whitman 
music, Bush 
music, Buster Poindexter 
music, Buju Banton 
music, Cage the Elephant 
music, C.C. DeVille 
music, Cara Robinson 
music, Cat Stevens 
music, Celia Cruz 
music, Casting Crowns 
music, Cheap Trick 
music, Charangas 
music, Charlotte Church 
music, Charly McClain 
music, Chingo Bling 
music, Charli Baltimore 
music, Chhaya Ganguli 
music, Chicago 
music, Cherina Mastrantones 
music, Chris Pellnat 
music, Chris Cornell 
music, Chris Laney 
music, Chris Webby 
music, Chrissy 
music, Chubby Checker 
music, Clinic 
music, Chuck Ragan 
music, Copper Horse 
music, Copperhead 
music, Colton Ford 
music, Cocoband 
music, Cody Allen 
music, Cold 
music, Courtney Love 
music, Craig Donaldson 
music, Daniel Vuletic 
music, Cross Canadian Ragweed 
music, Cyndi Thomson 
music, Daddy Lumba 
music, Daniel Kajmakoski 
music, Daniel Powter 
music, Danielle Peck 
music, Doc Watson 
music, Dan Hill 
music, David Allen Mayfield 
music, David Adam Byrnes 
music, Dave Navarro 
music, Dat Boi T 
music, David Grisman 
music, David Kitchen 
music, Dead Ringer Band 
music, D'banj 
music, De La Soul 
music, The Davis Sisters (Gospel) 
music, Dazz Band 
music, Denagan Janvier Honfo 
music, Dennis Brown 
music, Dele Bamgboye 
music, Dillon Hodges 
music, Detonate 54321 
music, Dick Morgan Trio 
music, Dir en grey 
music, The DNC 
music, Donna Fargo 
music, Don Rich 
music, Down Town 
music, Doug Seven 
music, Doug Stone 
music, Eddie Stubbs 
music, Earl Hines 
music, Earl Thomas Conley 
music, Earl van Dyke 
music, Edward T. Chapman 
music, Eiya Mentor 
music, Editors 
music, Elaine Faye 
music, Elephant Man 
music, El Chapo de Sinaloa 
music, Erica Campbell 
music, Elvis Costello 
music, Elton Britt 
music, Elizabeth Cook 
music, Emerson Drive 
music, Emma Mae Jacob 
music, Eric Mizelle 
music, The Eraserheads 
music, Eve 
music, Faithless 
music, Fefe Dobson 
music, Felix Bartholomew 
music, Flatt & Scruggs 
music, Force MD's 
music, Florence Welch 
music, Fred Hammond 
music, Frankie J 
music, Frankie Valli 
music, Franz Ferdinand 
music, Freddie Gibbs 
music, Frédéric François 
music, Gabrielle Aplin 
music, Fun Lovin' Criminals 
music, G. Love & Special Sauce 
music, Geschwister Hofmann 
music, Gary Richrath 
music, Gary Valenciano 
music, Garou 
music, Genitallica 
music, Gemischtes Quartett Ranten 
music, Georgette Jones 
music, Giorgio Gioacchini 
music, Gigi (Ethiopian) 
music, Gregg Allman 
music, Gregory Abbott 
music, Graham Nash 
music, Gloria Gaynor 
music, Grace Potter 
music, Grandpa Elliott 
music, Gordon Lightfoot 
music, Greenhaven 
music, Greg Hardin 
music, Grant Macdonald 
music, Grupo Corazon Andino 
music, Grupo Manía 
music, Grizzly Bear 
music, Happy House 
music, Gwen Sebastian 
music, Gyggy Planchart 
music, Hank Sasaki 
music, Hawick Lau 
music, Hall & Oates 
music, Harry Chatmon 
music, Hayes Carll 
music, Headlights 
music, Haricot Vert 
music, Harold Lee 
music, Icona Pop 
music, Heidi Hauge 
music, Heartland (Country) 
music, Herbie Hancock 
music, Henry Arland 
music, Hinder 
music, Hurricane Chris 
music, Human Life 
music, Ikimono-gakari 
music, Iamamiwhoami 
music, Jackson Browne 
music, Industria Del Amor 
music, In This Moment 
music, Ingrid Michaelson 
music, Jackson Taylor 
music, Irving Burgie 
music, Ira Kris 
music, Irena Grafenauer [Flute] 
music, Irene Papas 
music, Ivy Queen 
music, Jacinta Whyte 
music, Jack Ingram 
music, Jennifer Love Hewitt 
music, Jane Monheit 
music, Janelle Monáe 
music, Jam Pony Express 
music, Jah Cure 
music, Jamie O'Neal 
music, James Moody 
music, Jennifer Holliday 
music, Jaron and The Long Road to Love 
music, Jefferson Starship 
music, Jeffree Star 
music, Jeff Bates 
music, Jerry Reed 
music, Jessa Zaragoza 
music, Jerry Douglas 
music, Jim James 
music," Julio Iglesias, Jr. "
music, Joanna Newsom 
music, Jo Carol Pierce 
music, Jo Hikk 
music, Jimmy Reed 
music, Jimmy Swaggart 
music, Jinky Vidal 
music, John Deacon 
music, John Ellison 
music, John Fortune 
music, Johnnie Taylor 
music, John Tesh 
music, José José 
music, Johnny Duncan 
music, Jordan Knight 
music, Jonny Lang 
music, Kate Bush 
music, Justin Hayward 
music, Juelz Santana 
music, Joslin Grove Choral Society 
music, Jukebox the Ghost 
music, Julian Kovatchev 
music, Junior Brown 
music, Karen Carpenter 
music, Kasey Chambers 
music, Kasthuri Raja 
music, Kat Graham 
music, Karen Sokolof Javitch 
music, Kay Tse 
music, KC Concepcion 
music, Kenny Hall 
music, Kevin Benson 
music, Kevin Gales 
music," Ken ""Professor"" Philmore "
music, King Nosmo 
music, Kidd Kidd 
music, Kim Richey 
music, King's X 
music, Giannis Kotsiras 
music, Kottonmouth Kings 
music, Larry Graham 
music, La Tropa F 
music, Lane Turner 
music, La Bouche 
music, Lara Fabian 
music, Manu Chao 
music, Los Sacheros Santiaguenos 
music, Lalo Mora 
music, Lance Miller 
music, Layne Staley 
music, LaToya Jackson 
music, Laura Branigan 
music, Leela James 
music, Level 42 
music, Los Terribles del Norte 
music, Los Toppers 
music, Los Tucanes de Tijuana 
music, Lionel Hampton 
music, Liryc 
music, Liam Bailey 
music, Linda Davis 
music, Lindsey Haun 
music, Lisa Marie Presley 
music, Lil Rob 
music, Lila Downs 
music, Lily Allen 
music, Little Boots 
music, Little Feat 
music, Little Walter 
music, Little Wings 
music, little women 
music, Loreena McKennitt 
music, Lois Snead 
music, Los Mora 
music, Los Pumas Del Norte 
music, Los Razos 
music, Lou Josie 
music, Lou Rawls 
music, Loudness 
music, Macheteros 
music, Luis Miguel 
music, Lucas Hoge 
music, Loverboy 
music, Lyn Todd 
music, Makaveli 
music, Mandy Moore 
music, Manuela Van Geenhoven 
music, Malcolm Moore 
music, Mali Music 
music, Mallu Magalhães 
music, Maluma 
music, Marcus Eldridge 
music, Marillion 
music, Mark Murphy 
music, Mark Chesnutt 
music, Marisol 
music, Marshmello 
music, Marvin Sapp 
music, Marky Mark 
music, Michael Nesmith 
music, Mazza Magoo 
music, Mbaraka Mwinshehe & Morogoro Jazz Band 
music, MBLAQ 
music, MC Number 6 
music, Maureen McCormick 
music, Master Saleem 
music, Matt Mercado 
music, Maynard James Keenan 
music, Max Martin 
music, M.I.A. 
music, Melonie Cannon 
music, Melanie Amaro 
music, Melanie Fiona 
music, Melissa Auf der Maur 
music, Melissa Bollea 
music, Melissa Etheridge 
music, Michael Winans/Regina Winans 
music, Ministry 
music, Michael Celedon 
music, Miracle (Rap) 
music, Mike Will 
music, Mike O'Brien 
music, Mike Farris 
music, Millie Jackson 
music, Moe Bandy 
music, Money Mark 
music, Moonshine Bandits 
music, Mohit Chauhan 
music, Monaco 
music, N8than Speed 
music, Nadama 
music, Mother Maybelle Carter 
music, Mötley Crüe 
music, Motörhead 
music, Mountain 
music, Morris Day 
music, My Bloody Valentine 
music, Natalie Cole 
music, Natalie Imbruglia 
music, Natalie Merchant 
music, Nate Adderly Jr. 
music, Nate Dogg 
music, Nappy Roots 
music, Nashville Pussy 
music, Nat & Alex Wolff 
music, Nena 
music, Nanci Griffith 
music, Neal Coty 
music, Nervo 
music, New York Rappers 
music, Newspring Church Live Worship 
music, Noel Gallagher 
music, OK Go 
music, Nu Shooz 
music, You Me At Six 
music, O-Town 
music, OAG 
music, Payro Y Su Smog Tropical 
music, P-Square 
music, Our Last Night 
music, Outshyne 
music, Otis Gibbs 
music, Otis Redding 
music, Paul Gilbert 
music, Paul Hardcastle 
music, Pancho Barraza 
music, Pastor Charles Charamba 
music, Pastor Ed Rea 
music, Paul Koleske 
music, Pascal Jourdan 
music, Patrick Yandall 
music, Patti LaBelle 
music, Patti Smith 
music, Paul Sapiera 
music, Paul Thorn 
music, Petula Clark 
music, Peter Cetera 
music, Pigeon Lake Singers 
music, REO Speedwagon 
music, Porno Graffitti 
music, Project Pat 
music, Pretty Ricky 
music, Randy and the Bloody Lovelies 
music, Ral Donner 
music, Rahat Nusrat Fateh Ali Khan 
music, Randy Edelman 
music, Red Line Chemistry 
music, Redman 
music, Rebelution 
music, Reckless Kelly 
music, Request-A-Song.com 
music, Real Street Entertainment 
music, Richie Rosato 
music, Rhea 
music, Rhonda Fleming 
music, Rhydian 
music, Reverend Dr. Morgan Babb 
music, Revolting Cocks 
music, Rivermaya 
music, Sidath Chandrakuma 
music, Ricky Jai 
music, Robert Palmer 
music, Robert Francis 
music, Robert McDuffy 
music, Roger Miller 
music, Roy Acuff 
music, Rory Lee Feek 
music, Dave Sampson & the Hunters 
music, Sam Grow 
music, Sarah Sagram 
music, Santal 
music, Sarah Blasko 
music, Sandy Castle 
music, Sandy Horne 
music, Scarlett Johansson 
music, Scott Amering 
music, Savage Garden 
music, Serena Ryder 
music, Set It Off 
music, Seldom Scene 
music, Semino Rossi 
music, Sherry Carter 
music, Shea Seger 
music, Sick Puppies 
music, SHINee 
music, Shirley Bassey 
music, Skillet 
music, Sinéad O'Connor 
music, Six Feet Under 
music, Sixto Rodriguez 
music, Skylar Astin 
music, Siouxsie Sioux 
music, Sister Kill Cycle 
music, Sister Sledge 
music, Smokey Joe Myers 
music, Sophie Ellis-Bextor 
music, Young Dro 
music, Terry Wariner 
music, SOiL 
music, Spooks 
music, Soulja Boy Tell Em 
music, SosaMan 
music, Soul Dhamma 
music, Spalding Rockwell 
music, Sparta 
music, Steven Tyler 
music, Steps (Pop) 
music, Steuart Smith 
music, Stealing Angels 
music, Stark 
music, Steve Brown 
music, Steve McGrew 
music, Sunny Sweeney 
music, Sunshine Anderson 
music, Sun 
music, Tara MacLean 
music, Talent 
music, Talking Heads 
music, Jamie T. 
music, Swing Out Sister 
music, Tammy Wynette 
music, Tarney Spencer Band 
music, Take 6 
music, Tego Calderón 
music, The Teardrops/Paulie Teardrop 
music, Terri Gibbs 
music, Terror Squad 
music, Terry Macalmon 
music, Terence Trent D'Arby 
music, The Feeling 
music, The Bellamy Brothers 
music, The Bangles 
music, The Blackstone Valley Sinners 
music, The Diamond Platinum Rings 
music, The Distillers 
music, The Civil Wars 
music, The Everly Brothers 
music, The Glitch Mob 
music, The Hoppers 
music, The Georgia Satellites 
music, The Ronettes 
music, The Kendalls 
music, The Knives 
music, The Lettermen 
music, The JaneDear Girls 
music, The Marshall Tucker Band 
music, The Osborne Brothers 
music, The Other Two 
music, The Police 
music, The Red Jumpsuit Apparatus 
music, The Replacements 
music, The Stone Roses 
music, The Ramones 
music, The Rasmus 
music, The Surfaris 
music, Thunder Road 
music, The Wailers 
music, The Verve 
music, The Williams Brothers 
music, Thom Yorke 
music, Thunder 
music," Tim ""Polecat"" Worman "
music, Tim Wilson 
music, Tom Tom Club 
music, Tim Cansfield 
music, Tom McReynolds 
music, Todd Snider 
music, Tori Amos 
music, Tone Trump 
music, Travie McCoy 
music, Ulises Quintero 
music, Trick Daddy 
music, Trono de Mexico 
music, Tweet 
music, Vanessa Carlton 
music, Vanessa Hudgens 
music, Vanilla Ice 
music, Various Artists 
music, Tycho 
music, Veil 
music, Van Morrison 
music, Verse Simmonds 
music, Vijaya Nirmala 
music, Vince Wilcox 
music, Wayne Newton 
music, Warpaint 
music, V.V. Brown 
music, Washboard Willie 
music, Whitehead Brothers 
music, Webb Pierce 
music, Weezer 
music," ""Weird Al"" Yankovic "
music, Wolfgang Muermann 
music, Wolfmother 
music, Women of Praise 
music, Willa Ford 
music, Willie Samples 
music, XXX 
music, Xaxy 
music, Worl-A-Girl 
music, Wreckless Eric 
music, Wyclef Jean 
music, Yes 
music, Yiruma 
music, Yandel 
music, Zebras In Public 
music, Zee Zee 
music, Yung Redd 
music, Yuri 
music, Zubin Garg 
music, Zulmaely 
music, Zeroleen 
music, Matisyahu 
music, Shovels & Rope 
music, Childish Gambino 
music, Kimberly Nichole 
music, Big Freedia 
music, Youngblood Hawke 
music, M2thaK 
music, mike taylor  
music, Alberto Magnone 
music, Ca$h Out 
music, La Adictiva Banda San José De Mesillas 
music, Tony Ocasio 
music, El Dasa 
music, Ross Lynch 
music, Da Blast 
music, Mr Traffic 
music, iOwls 
music, Charles Esten 
music, Christian Ebner 
music, DJ RYZE 
music, Dubstep 
music, Go Periscope 
music, Shane Runion Band 
music, Rachel Farley 
music, Queen V 
music, Oscar Cash 
music, Lil Doneezy  
music, ZZ Ward 
music, Jesse Keith Whitley 
music, Raptar 
music, Jamie Lynn Spears 
music, Maggie Eckford 
music, Struggle Jennings 
music, Luh Brandon 
music, Rosco Bandana 
music, Jeremiah James Korfe 
music, Biddu 
music, Will Gatz 
music, Matt Martindale 
music, MrX 
music, Luis Coronel 
music, Babyface Benji 
music, AC Da' Perfecto 
music, Jose Frenchie 
music, Ylvis 
music, DJ Palash 
music, XXAL 
music, Crate Logic 
music, Brian Nightingale 
music, Rossy Lebó 
music, Nicky Romero 
music, Fake Club 
music, Natalie Stovall and The Drive 
music, Rufnec Travv 
music, Shakey Graves 
music, Vinioci 
music, Stunt Tha Boss 
music, Lizi Kay 
music, BRUUS 
music, XmafaX 
music, MsBrooke Lauren 
music, Abdu Kiyar 
music, Chayshaun 
music, Erik Dylan 
music, SONIC DA CITYBOY 
music, Bro5 
music, Braddy 
music, Bangtan Boys 
music, millennial records 
music, The Mike Lynch Band 
music, Xae Maximum 
music, Vancouver Sleep Clinic 
music, Oliver Heldens 
music, Yemi Alade 
music, Bei Bei 
music, Lina Fouro 
music, Will Garrett 
music, Black M 
music, rollen stoner 
music, Janete Vidal 
music, kirsten arian 
music, Lil Cory 
music, Rigna Folk 
music, Mr Muffin 
music, Bobby Shmurda 
music, Young Pyrex Martinez 
music, Brendon Pedroza 
music, Pongo Dean 
music, Between California and Summer 
music, Sadzid Husic 
music, Dave East 
music, Ben Haenow 
music, Tory Lanez 
music, TESSA 
music, Lisa Marie Johnston 
music, The Notionaries 
music, Adol 
music, TimieSter 
music, Sauce Walka 
music, Ashley Clark 
music, Wes Cook band 
music, Famy 
music, KIDX 
music, The Kuntry Boyz 
music, Squirm G 
music, Patoranking 
music, Brolin 
music, Diesel Dougie 
music, wwwww sade com. 
music, Abstract Future 
music, SMASHY 
music, paradax 
music, 5UP 
music, Bugz bacardi 
music, Avion Dre 
music, D. Imman;Vaikom Vijayalakshmi 
music, DMT MAESTRA 
music, Myke Aikens (MR AWWREADY) 
music, The Mullins Sisters 
music, November kennedy 
music, Static The Prodigy 
music, Jaae Kash 
music, 101 Strings Orchestra 
music, 1981 
music, Damien Jurado 
music, A Country Sound 
music, 9 Ball 
music, Willie Banks & The Messengers 
music, 311 
music, 3kStatic 
music, Abel Sanchez 
music, Abida Parveen 
music, Above & Beyond 
music, Acoustic Sound Orchestra 
music, Aaron Tippin 
music, Ab-Soul 
music, Adassa 
music, AFI 
music, Action Bronson 
music, Action Item 
music, Activate 
music, ADA Band 
music, Adam Barta 
music, Adam Fears 
music, Alberto Barros 
music, Aldubb 
music, Alec Wizz 
music, Ajit Singh 
music, AK1200 
music, Aiden 
music, Alain Merheb 
music, Agnes Monica 
music, Alan Horvath 
music, Alan Whitfield 
music, Alana Davis 
music, Andraé Crouch 
music, Alabama Country Boys 
music, Anastasia 
music, Amber Digby 
music, Allen Frizzell 
music, Allen Stone 
music, Allen Toussaint 
music, Alfredo Santos Buenaventura 
music, Alex Band 
music, Alex Bueno 
music, Alex Parenteau 
music, Allison Moorer 
music, Aliya Parcs 
music, Alkapote 
music, All-4-One 
music, All Saints 
music, All Souls' Day 
music, Ambersunshower 
music, Amel Larrieux 
music, ...And You Will Know Us by the Trail of Dead 
music, 安室奈美恵 
music, Amy Grant 
music, Amy Millan 
music, Amy Schumer 
music, Andrea Berg 
music, Amigos 
music, Amil 
music, Amon Amarth 
music, April Boy Regino 
music, April Kimble 
music, Anthony Andrews 
music, Andy Griggs 
music, Andrewesley 
music, Andy Bell 
music, Andy Borg 
music, Andreas 
music, Carlos Andres 
music, Angels Fall 
music, Anggun 
music, Angus Young 
music, Animal Collective 
music, Anthony Michael James 
music, Angela Carnegie 
music, Anti-Flag 
music, Aram Bedrosian 
music, Arashi 
music, Anna McGoldrick 
music, Anneliese van der Pol 
music, Antonique Smith 
music, Antonis Remos 
music, Anvil 
music, Apart From This 
music, Aphex Twin 
music, Arcangel 
music, Banda Ms 
music, Assane Ndiaye 
music, Arsis 
music, Art Blakey 
music, Army of Lovers 
music, Arjit Singh 
music, Auntie Lockbrake 
music, AWOLNATION 
music, ATK 
music, Atmosphere 
music, Aubrey Haynie 
music, Bands Of The Salvation Army 
music, Ballyhoo! 
music, Baby Smiley 
music, Back Door Slam 
music, Baba Sehgal 
music, Baby Dre' 
music, Benny Benassi 
music, Baha Men 
music, Berlin 
music, Before the Daybreak 
music, Belarus 
music, Barry Gibb 
music, Bart Crow 
music, Bavarian Radio Symphony Orchestra 
music, Baxter/Cacavas 
music, Adam Bayer 
music, Barefoot Man 
music, Belinda Carlisle 
music, Bell Biv DeVoe 
music, Beau Allen 
music, Beautiful Nubia 
music, Beanie Sigel 
music, Belle and Sebastian 
music, Boutaiba Sghir 
music, Bill Browning 
music, Bill Carlisle 
music, Bhanupriya 
music, Better Than Ezra 
music, Betty Hutton 
music, Beverly Rush 
music, B.G. 
music, Biffy Clyro 
music, Big Blue Hearts 
music, Beryl Reid 
music, Best Coast 
music, Beth Orton 
music, BigBang 
music, Bill Monroe 
music, Bill Withers 
music, Big Chief (Rock) 
music, Big Country Bluegrass 
music, Bleed the Dream 
music, Biswas 
music, Billy Walker 
music, Biosphere 
music, Birdy 
music, Billy Grammer 
music, Billy Joel 
music, Billy Meshel 
music, Billy Paul 
music, Billy Squier 
music, B.J. Thomas 
music, BLAINE ROY 
music, Blind Fury 
music, Blind Joe 
music, Blindside 
music, Black Box 
music, Black Box Revelation 
music, Blue Scholars 
music, Blueprint 76 
music, Bob Katz 
music, Boxcar Willie 
music, Bloodhound Gang 
music, Boy Kill Boy 
music, Boy Meets Girl 
music, Boys Noize 
music, BR5-49 
music, Bobby Konders & Massive Sounds 
music, Bobby Rosso 
music, Bobby Wood 
music, Bob Wayne 
music, Bobby Barnett 
music, Born Ruffians 
music, Boston 
music, Brady Seals 
music, Braids 
music, Bonnie Tyler 
music, Boola 
music, Butthole Surfers 
music, Brook Benton 
music, Brooke White 
music, Brendan James 
music, Brent Cobb 
music, Brett Dennen 
music, Brian Eno 
music, Brandon Pruitt 
music, Braty Bluzu 
music, Bratz 
music, The Breakups 
music, Brian Locking 
music, Bronski Beat 
music, Brian Van Meter 
music, Brian Wilson 
music, Brice Long 
music, Bryan Ferry 
music, Bryan Mayer 
music, Brynn Marie 
music, Buddy Guy 
music, Buddy Holly 
music, Bruce Parham 
music, Burgerkill 
music, Burnin' Chicago Blues Machine 
music, Burt Bacharach 
music, Bury Your Dead 
music, Bull Halsey 
music, Bulldog 
music, Bunny Wailer 
music, BuP 
music, Cage (Rap) 
music, Caitlin Rose (Trend Records) 
music, Cake 
music, Canibus 
music, Canned Heat 
music, Canvas 
music, Capella Strumentale Del Duomo Di Novaro 
music, Capleton 
music, Captain Fathom 
music, Carol Vega 
music, Carole King 
music, Carolina Liar 
music, CeDigest 
music, Carlos Santana 
music, Carlos y José 
music, Carman 
music, Cat Power 
music, Cattle Decapitation 
music, Casper 
music, Chill Wills 
music, Chartbusters 
music, Chase & Status 
music, ChapWill AKA T.R.U.T.H. 
music, Charice Pempengco 
music, Charles Aznavour 
music, Chairlift 
music, Chaka Khan 
music, 陳奕迅 
music, Chanté Moore 
music, Chad Mitchell 
music, Cheezy and the Crackers 
music, Charlie Walker 
music, Charley Beck 
music, Chico DeBarge 
music, Daisy Mallory 
music, Chelsea Grin 
music, Cherish 
music, Cliff Darby 
music, City Haze 
music, Chris Nunez 
music, Chris Rene 
music, Chris Ruhe 
music, Chris Hicks 
music, Chris Knight 
music, Chris M. Allport & Ariana Richards 
music, Chris Martin 
music, Chris Welch 
music, Chonda Pierce 
music, Chosen 4 Christ 
music, Christine 
music, Christine Gontara 
music, Chromeo 
music, Claire 
music, Christian Daniel 
music, Cimorelli 
music, Clive Williams 
music, Chuck Jackson 
music, Clay Cooper 
music, Countdown 
music, Counting Crows 
music, Country Dance Kings 
music, Clarence Carter 
music, Clarence Clemons 
music, Claude King 
music, Claudia Bettinaglio 
music, Country Piano Players 
music, Country Roland Band 
music, Converge 
music, Convertible Blondes 
music, Copeland 
music, Color Me Badd 
music, Colin Keenan 
music, Collie Buddz 
music, CocoRosie 
music, Conjunto Primavera 
music, Connor Christian & Southern Gothic 
music, Con Hunley 
music, Conejo 
music, Cory Kelley 
music, Cory Wells 
music, Cranium 
music, Corey Stoot 
music, Corinne Bailey Rae 
music, Dale Evans 
music, Daler Mehndi 
music, Dallas Austin 
music, Dallas Gordon 
music," Crosby, Stills & Nash "
music," Crosby, Stills, Nash & Young "
music, CRU 
music, Crystal Waters 
music, Crazy Town 
music, Cynthia Fetty 
